Claim Number,Loss Date,Evaluation Date,Period,Paid Loss,Reserve Loss
117985,10/28/2018,5/31/2020,Transporting Rider,0,"1,000,000"
117985,10/28/2018,6/30/2020,Transporting Rider,0,"1,000,000"
117985,10/28/2018,7/31/2020,Transporting Rider,0,"1,000,000"
117985,10/28/2018,8/31/2020,Transporting Rider,0,"1,000,000"
117985,10/28/2018,9/30/2020,Transporting Rider,0,"1,000,000"
117985,10/28/2018,10/31/2020,Transporting Rider,0,"1,000,000"
117985,10/28/2018,11/30/2020,Transporting Rider,0,"1,000,000"
117985,10/28/2018,12/31/2020,Transporting Rider,0,"1,000,000"
117985,10/28/2018,1/31/2021,Transporting Rider,0,"1,000,000"
117985,10/28/2018,2/28/2021,Transporting Rider,0,"1,000,000"
117985,10/28/2018,3/31/2021,Transporting Rider,0,"1,000,000"
117985,10/28/2018,4/30/2021,Transporting Rider,0,"1,000,000"
117985,10/28/2018,5/31/2021,Transporting Rider,0,"1,000,000"
117985,10/28/2018,6/30/2021,Transporting Rider,0,"1,000,000"
117985,10/28/2018,7/31/2021,Transporting Rider,0,"1,000,000"
117985,10/28/2018,8/31/2021,Transporting Rider,0,"1,000,000"
117985,10/28/2018,9/30/2021,Transporting Rider,0,"1,000,000"
117985,10/28/2018,10/31/2021,Transporting Rider,0,"1,000,000"
117985,10/28/2018,11/30/2021,Transporting Rider,0,"1,000,000"
117985,10/28/2018,12/31/2021,Transporting Rider,0,"1,000,000"
117985,10/28/2018,1/31/2022,Transporting Rider,0,"1,000,000"
117985,10/28/2018,2/28/2022,Transporting Rider,"1,000,000",0
117985,10/28/2018,3/31/2022,Transporting Rider,"1,000,000",0
117985,10/28/2018,4/30/2022,Transporting Rider,"1,000,000",0
117985,10/28/2018,5/31/2022,Transporting Rider,"1,000,000",0
27193310,3/10/2019,1/31/2020,En Route To Pickup,0,"392,489"
27193310,8/4/2021,2/29/2020,En Route To Pickup,0,"881,001"
27193310,8/4/2021,3/31/2020,En Route To Pickup,0,"889,767"
27193310,8/4/2021,4/30/2020,En Route To Pickup,0,"916,068"
27193310,8/4/2021,5/31/2020,En Route To Pickup,0,"934,208"
27193310,8/4/2021,6/30/2020,En Route To Pickup,0,"934,208"
27193310,8/4/2021,7/31/2020,En Route To Pickup,0,"970,848"
27193310,8/4/2021,8/31/2020,En Route To Pickup,0,"970,848"
27193310,8/4/2021,9/30/2020,En Route To Pickup,0,"999,546"
27193310,8/4/2021,10/31/2020,En Route To Pickup,0,"1,000,000"
27193310,8/4/2021,11/30/2020,En Route To Pickup,0,"1,000,000"
27193310,8/4/2021,12/31/2020,En Route To Pickup,0,"1,000,000"
27193310,8/4/2021,1/31/2021,En Route To Pickup,0,"1,000,000"
27193310,8/4/2021,2/28/2021,En Route To Pickup,0,"1,000,000"
27193310,8/4/2021,3/31/2021,En Route To Pickup,0,"1,000,000"
27193310,8/4/2021,4/30/2021,En Route To Pickup,0,"1,000,000"
27193310,8/4/2021,5/31/2021,En Route To Pickup,0,"1,000,000"
27193310,8/4/2021,6/30/2021,En Route To Pickup,0,"1,000,000"
27193310,8/4/2021,7/31/2021,En Route To Pickup,0,"1,000,000"
27193310,8/4/2021,8/31/2021,En Route To Pickup,"1,000,000",0
27193310,8/4/2021,9/30/2021,En Route To Pickup,"1,000,000",0
27193310,8/4/2021,10/31/2021,En Route To Pickup,"1,000,000",0
27193310,8/4/2021,11/30/2021,En Route To Pickup,"1,000,000",0
27193310,8/4/2021,12/31/2021,En Route To Pickup,"1,000,000",0
46904684,1/6/2020,1/31/2020,En Route To Pickup,0,"547,706"
46904684,1/6/2020,2/29/2020,En Route To Pickup,"558,552",0
46904684,1/6/2020,3/31/2020,En Route To Pickup,"564,110",0
46904684,1/6/2020,4/30/2020,En Route To Pickup,"586,235",0
46904684,1/6/2020,5/31/2020,En Route To Pickup,"592,068",0
46904684,1/6/2020,6/30/2020,En Route To Pickup,"603,792",0
46904684,1/6/2020,7/31/2020,En Route To Pickup,"627,473",0
46904684,1/6/2020,8/31/2020,En Route To Pickup,"633,717",0
46904684,1/6/2020,9/30/2020,En Route To Pickup,"652,449",0
46904684,1/6/2020,10/31/2020,En Route To Pickup,"671,735",0
46904684,1/6/2020,11/30/2020,En Route To Pickup,"671,735",0
46904684,1/6/2020,12/31/2020,En Route To Pickup,"671,735",0
46904684,1/6/2020,1/31/2021,En Route To Pickup,"671,735",0
46904684,1/6/2020,2/28/2021,En Route To Pickup,"671,735",0
46904684,1/6/2020,3/31/2021,En Route To Pickup,"671,735",0
46904684,1/6/2020,4/30/2021,En Route To Pickup,"671,735",0
46904684,1/6/2020,5/31/2021,En Route To Pickup,"671,735",0
46904684,1/6/2020,6/30/2021,En Route To Pickup,"671,735",0
46904684,1/6/2020,7/31/2021,En Route To Pickup,"671,735",0
46904684,1/6/2020,8/31/2021,En Route To Pickup,"671,735",0
46904684,1/6/2020,9/30/2021,En Route To Pickup,"671,735",0
46904684,1/6/2020,10/31/2021,En Route To Pickup,"671,735",0
46904684,1/6/2020,11/30/2021,En Route To Pickup,"671,735",0
46904684,1/6/2020,12/31/2021,En Route To Pickup,"671,735",0
50798717,4/3/2020,4/30/2020,En Route To Pickup,0,"559,303"
50798717,4/3/2020,5/31/2020,En Route To Pickup,0,"575,836"
50798717,4/3/2020,6/30/2020,En Route To Pickup,"581,565",0
50798717,4/3/2020,7/31/2020,En Route To Pickup,"598,756",0
50798717,4/3/2020,8/31/2020,En Route To Pickup,"622,239",0
50798717,4/3/2020,9/30/2020,En Route To Pickup,"646,644",0
50798717,4/3/2020,10/31/2020,En Route To Pickup,"672,006",0
50798717,4/3/2020,11/30/2020,En Route To Pickup,"685,313",0
50798717,4/3/2020,12/31/2020,En Route To Pickup,"705,570",0
50798717,4/3/2020,1/31/2021,En Route To Pickup,"733,243",0
50798717,4/3/2020,2/28/2021,En Route To Pickup,"762,002",0
50798717,4/3/2020,3/31/2021,En Route To Pickup,"791,888",0
50798717,4/3/2020,4/30/2021,En Route To Pickup,"799,767",0
50798717,4/3/2020,5/31/2021,En Route To Pickup,"807,725",0
50798717,4/3/2020,6/30/2021,En Route To Pickup,"807,725",0
50798717,4/3/2020,7/31/2021,En Route To Pickup,"807,725",0
50798717,4/3/2020,8/31/2021,En Route To Pickup,"807,725",0
50798717,4/3/2020,9/30/2021,En Route To Pickup,"807,725",0
50798717,4/3/2020,10/31/2021,En Route To Pickup,"807,725",0
50798717,4/3/2020,11/30/2021,En Route To Pickup,"807,725",0
50798717,4/3/2020,12/31/2021,En Route To Pickup,"807,725",0
79030927,6/5/2021,6/30/2021,En Route To Pickup,"652,398",0
79030927,6/5/2021,7/31/2021,En Route To Pickup,"665,317",0
79030927,6/5/2021,8/31/2021,En Route To Pickup,"671,938",0
79030927,6/5/2021,9/30/2021,En Route To Pickup,"698,291",0
79030927,6/5/2021,10/31/2021,En Route To Pickup,"725,679",0
79030927,6/5/2021,11/30/2021,En Route To Pickup,"740,049",0
79030927,6/5/2021,12/31/2021,En Route To Pickup,"754,704",0
90246312,7/22/2018,7/31/2021,Transporting Rider,0,"1,000,000"
90246312,7/22/2018,8/31/2021,Transporting Rider,0,"1,000,000"
90246312,7/22/2018,9/30/2021,Transporting Rider,0,"1,000,000"
90246312,7/22/2018,10/31/2021,Transporting Rider,"1,000,000",0
90246312,7/22/2018,11/30/2021,Transporting Rider,"1,000,000",0
90246312,7/22/2018,12/31/2021,Transporting Rider,"1,000,000",0
90246312,7/22/2018,1/31/2022,Transporting Rider,"1,000,000",0
90246312,7/22/2018,2/28/2022,Transporting Rider,"1,000,000",0
90246312,7/22/2018,3/31/2022,Transporting Rider,"1,000,000",0
90246312,7/22/2018,4/30/2022,Transporting Rider,"1,000,000",0
90246312,7/22/2018,5/31/2022,Transporting Rider,"1,000,000",0
90251699,9/1/2018,5/31/2021,Transporting Rider,0,"1,000,000"
90251699,9/1/2018,6/30/2021,Transporting Rider,0,"1,000,000"
90251699,9/1/2018,7/31/2021,Transporting Rider,0,"1,000,000"
90251699,9/1/2018,8/31/2021,Transporting Rider,"1,000,000",0
90251699,9/1/2018,9/30/2021,Transporting Rider,"1,000,000",0
90251699,9/1/2018,10/31/2021,Transporting Rider,"1,000,000",0
90251699,9/1/2018,11/30/2021,Transporting Rider,"1,000,000",0
90251699,9/1/2018,12/31/2021,Transporting Rider,"1,000,000",0
90251699,9/1/2018,1/31/2022,Transporting Rider,"1,000,000",0
90251699,9/1/2018,2/28/2022,Transporting Rider,"1,000,000",0
90251699,9/1/2018,3/31/2022,Transporting Rider,"1,000,000",0
90251699,9/1/2018,4/30/2022,Transporting Rider,"1,000,000",0
90251699,9/1/2018,5/31/2022,Transporting Rider,"1,000,000",0
90261611,10/27/2018,7/31/2019,Transporting Rider,0,"1,000,000"
90261611,10/27/2018,8/31/2019,Transporting Rider,0,"1,000,000"
90261611,10/27/2018,9/30/2019,Transporting Rider,0,"1,000,000"
90261611,10/27/2018,10/31/2019,Transporting Rider,0,"1,000,000"
90261611,10/27/2018,11/30/2019,Transporting Rider,0,"1,000,000"
90261611,10/27/2018,12/31/2019,Transporting Rider,0,"1,000,000"
90261611,10/27/2018,1/31/2020,Transporting Rider,0,"1,000,000"
90261611,10/27/2018,2/29/2020,Transporting Rider,0,"1,000,000"
90261611,10/27/2018,3/31/2020,Transporting Rider,0,"1,000,000"
90261611,10/27/2018,4/30/2020,Transporting Rider,0,"1,000,000"
90261611,10/27/2018,5/31/2020,Transporting Rider,0,"1,000,000"
90261611,10/27/2018,6/30/2020,Transporting Rider,0,"1,000,000"
90261611,10/27/2018,7/31/2020,Transporting Rider,0,"1,000,000"
90261611,10/27/2018,8/31/2020,Transporting Rider,0,"1,000,000"
90261611,10/27/2018,9/30/2020,Transporting Rider,0,"1,000,000"
90261611,10/27/2018,10/31/2020,Transporting Rider,"1,000,000",0
90261611,10/27/2018,11/30/2020,Transporting Rider,"1,000,000",0
90261611,10/27/2018,12/31/2020,Transporting Rider,"1,000,000",0
90261611,10/27/2018,1/31/2021,Transporting Rider,"1,000,000",0
90261611,10/27/2018,2/28/2021,Transporting Rider,"1,000,000",0
90261611,10/27/2018,3/31/2021,Transporting Rider,"1,000,000",0
90261611,10/27/2018,4/30/2021,Transporting Rider,"1,000,000",0
90261611,10/27/2018,5/31/2021,Transporting Rider,"1,000,000",0
90261611,10/27/2018,6/30/2021,Transporting Rider,"1,000,000",0
90261611,10/27/2018,7/31/2021,Transporting Rider,"1,000,000",0
90261611,10/27/2018,8/31/2021,Transporting Rider,"1,000,000",0
90261611,10/27/2018,9/30/2021,Transporting Rider,"1,000,000",0
90261611,10/27/2018,10/31/2021,Transporting Rider,"1,000,000",0
90261611,10/27/2018,11/30/2021,Transporting Rider,"1,000,000",0
90261611,10/27/2018,12/31/2021,Transporting Rider,"1,000,000",0
90261611,10/27/2018,1/31/2022,Transporting Rider,"1,000,000",0
90261611,10/27/2018,2/28/2022,Transporting Rider,"1,000,000",0
90261611,10/27/2018,3/31/2022,Transporting Rider,"1,000,000",0
90261611,10/27/2018,4/30/2022,Transporting Rider,"1,000,000",0
90261611,10/27/2018,5/31/2022,Transporting Rider,"1,000,000",0
90262693,11/1/2018,10/31/2020,Transporting Rider,0,"1,000,000"
90262693,11/1/2018,11/30/2020,Transporting Rider,"1,000,000",0
90262693,11/1/2018,12/31/2020,Transporting Rider,"1,000,000",0
90262693,11/1/2018,1/31/2021,Transporting Rider,"1,000,000",0
90262693,11/1/2018,2/28/2021,Transporting Rider,"1,000,000",0
90262693,11/1/2018,3/31/2021,Transporting Rider,"1,000,000",0
90262693,11/1/2018,4/30/2021,Transporting Rider,"1,000,000",0
90262693,11/1/2018,5/31/2021,Transporting Rider,"1,000,000",0
90262693,11/1/2018,6/30/2021,Transporting Rider,"1,000,000",0
90262693,11/1/2018,7/31/2021,Transporting Rider,"1,000,000",0
90262693,11/1/2018,8/31/2021,Transporting Rider,"1,000,000",0
90262693,11/1/2018,9/30/2021,Transporting Rider,"1,000,000",0
90262693,11/1/2018,10/31/2021,Transporting Rider,"1,000,000",0
90262693,11/1/2018,11/30/2021,Transporting Rider,"1,000,000",0
90262693,11/1/2018,12/31/2021,Transporting Rider,"1,000,000",0
90262693,11/1/2018,1/31/2022,Transporting Rider,"1,000,000",0
90262693,11/1/2018,2/28/2022,Transporting Rider,"1,000,000",0
90262693,11/1/2018,3/31/2022,Transporting Rider,"1,000,000",0
90262693,11/1/2018,4/30/2022,Transporting Rider,"1,000,000",0
90262693,11/1/2018,5/31/2022,Transporting Rider,"1,000,000",0
90263212,11/5/2018,12/31/2018,Transporting Rider,0,"1,000,000"
90263212,11/5/2018,1/31/2019,Transporting Rider,0,"1,000,000"
90263212,11/5/2018,2/28/2019,Transporting Rider,0,"1,000,000"
90263212,11/5/2018,3/31/2019,Transporting Rider,0,"1,000,000"
90263212,11/5/2018,4/30/2019,Transporting Rider,0,"1,000,000"
90263212,11/5/2018,5/31/2019,Transporting Rider,0,"1,000,000"
90263212,11/5/2018,6/30/2019,Transporting Rider,0,"1,000,000"
90263212,11/5/2018,7/31/2019,Transporting Rider,0,"1,000,000"
90263212,11/5/2018,8/31/2019,Transporting Rider,0,"1,000,000"
90263212,11/5/2018,9/30/2019,Transporting Rider,0,"1,000,000"
90263212,11/5/2018,10/31/2019,Transporting Rider,0,"1,000,000"
90263212,11/5/2018,11/30/2019,Transporting Rider,0,"1,000,000"
90263212,11/5/2018,12/31/2019,Transporting Rider,0,"1,000,000"
90263212,11/5/2018,1/31/2020,Transporting Rider,"1,000,000",0
90263212,11/5/2018,2/29/2020,Transporting Rider,"1,000,000",0
90263212,11/5/2018,3/31/2020,Transporting Rider,"1,000,000",0
90263212,11/5/2018,4/30/2020,Transporting Rider,"1,000,000",0
90263212,11/5/2018,5/31/2020,Transporting Rider,"1,000,000",0
90263212,11/5/2018,6/30/2020,Transporting Rider,"1,000,000",0
90263212,11/5/2018,7/31/2020,Transporting Rider,"1,000,000",0
90263212,11/5/2018,8/31/2020,Transporting Rider,"1,000,000",0
90263212,11/5/2018,9/30/2020,Transporting Rider,"1,000,000",0
90263212,11/5/2018,10/31/2020,Transporting Rider,"1,000,000",0
90263212,11/5/2018,11/30/2020,Transporting Rider,"1,000,000",0
90263212,11/5/2018,12/31/2020,Transporting Rider,"1,000,000",0
90263212,11/5/2018,1/31/2021,Transporting Rider,"1,000,000",0
90263212,11/5/2018,2/28/2021,Transporting Rider,"1,000,000",0
90263212,11/5/2018,3/31/2021,Transporting Rider,"1,000,000",0
90263212,11/5/2018,4/30/2021,Transporting Rider,"1,000,000",0
90263212,11/5/2018,5/31/2021,Transporting Rider,"1,000,000",0
90263212,11/5/2018,6/30/2021,Transporting Rider,"1,000,000",0
90263212,11/5/2018,7/31/2021,Transporting Rider,"1,000,000",0
90263212,11/5/2018,8/31/2021,Transporting Rider,"1,000,000",0
90263212,11/5/2018,9/30/2021,Transporting Rider,"1,000,000",0
90263212,11/5/2018,10/31/2021,Transporting Rider,"1,000,000",0
90263212,11/5/2018,11/30/2021,Transporting Rider,"1,000,000",0
90263212,11/5/2018,12/31/2021,Transporting Rider,"1,000,000",0
90263212,11/5/2018,1/31/2022,Transporting Rider,"1,000,000",0
90263212,11/5/2018,2/28/2022,Transporting Rider,"1,000,000",0
90263212,11/5/2018,3/31/2022,Transporting Rider,"1,000,000",0
90263212,11/5/2018,4/30/2022,Transporting Rider,"1,000,000",0
90263212,11/5/2018,5/31/2022,Transporting Rider,"1,000,000",0
90268674,9/22/2018,6/30/2019,Transporting Rider,"1,000,000",0
90268674,9/22/2018,7/31/2019,Transporting Rider,"1,000,000",0
90268674,9/22/2018,8/31/2019,Transporting Rider,"1,000,000",0
90268674,9/22/2018,9/30/2019,Transporting Rider,"1,000,000",0
90268674,9/22/2018,10/31/2019,Transporting Rider,"1,000,000",0
90268674,9/22/2018,11/30/2019,Transporting Rider,"1,000,000",0
90268674,9/22/2018,12/31/2019,Transporting Rider,"1,000,000",0
90268674,9/22/2018,1/31/2020,Transporting Rider,"1,000,000",0
90268674,9/22/2018,2/29/2020,Transporting Rider,"1,000,000",0
90268674,9/22/2018,3/31/2020,Transporting Rider,"1,000,000",0
90268674,9/22/2018,4/30/2020,Transporting Rider,"1,000,000",0
90268674,9/22/2018,5/31/2020,Transporting Rider,"1,000,000",0
90268674,9/22/2018,6/30/2020,Transporting Rider,"1,000,000",0
90268674,9/22/2018,7/31/2020,Transporting Rider,"1,000,000",0
90268674,9/22/2018,8/31/2020,Transporting Rider,"1,000,000",0
90268674,9/22/2018,9/30/2020,Transporting Rider,"1,000,000",0
90268674,9/22/2018,10/31/2020,Transporting Rider,"1,000,000",0
90268674,9/22/2018,11/30/2020,Transporting Rider,"1,000,000",0
90268674,9/22/2018,12/31/2020,Transporting Rider,"1,000,000",0
90268674,9/22/2018,1/31/2021,Transporting Rider,"1,000,000",0
90268674,9/22/2018,2/28/2021,Transporting Rider,"1,000,000",0
90268674,9/22/2018,3/31/2021,Transporting Rider,"1,000,000",0
90268674,9/22/2018,4/30/2021,Transporting Rider,"1,000,000",0
90268674,9/22/2018,5/31/2021,Transporting Rider,"1,000,000",0
90268674,9/22/2018,6/30/2021,Transporting Rider,"1,000,000",0
90268674,9/22/2018,7/31/2021,Transporting Rider,"1,000,000",0
90268674,9/22/2018,8/31/2021,Transporting Rider,"1,000,000",0
90268674,9/22/2018,9/30/2021,Transporting Rider,"1,000,000",0
90268674,9/22/2018,10/31/2021,Transporting Rider,"1,000,000",0
90268674,9/22/2018,11/30/2021,Transporting Rider,"1,000,000",0
90268674,9/22/2018,12/31/2021,Transporting Rider,"1,000,000",0
90268674,9/22/2018,1/31/2022,Transporting Rider,"1,000,000",0
90268674,9/22/2018,2/28/2022,Transporting Rider,"1,000,000",0
90268674,9/22/2018,3/31/2022,Transporting Rider,"1,000,000",0
90268674,9/22/2018,4/30/2022,Transporting Rider,"1,000,000",0
90268674,9/22/2018,5/31/2022,Transporting Rider,"1,000,000",0
90312259,9/27/2019,12/31/2021,Transporting Rider,"1,000,000",0
90312259,9/27/2019,1/31/2022,Transporting Rider,"1,000,000",0
90312259,9/27/2019,2/28/2022,Transporting Rider,"1,000,000",0
90312259,9/27/2019,3/31/2022,Transporting Rider,"1,000,000",0
90312259,9/27/2019,4/30/2022,Transporting Rider,"1,000,000",0
90312259,9/27/2019,5/31/2022,Transporting Rider,"1,000,000",0
90314904,10/16/2019,10/31/2019,Transporting Rider,0,"269,670"
90314904,10/16/2019,11/30/2019,Transporting Rider,0,"275,063"
90314904,10/16/2019,12/31/2019,Transporting Rider,0,"280,565"
90314904,10/16/2019,1/31/2020,Transporting Rider,0,"286,176"
90314904,10/16/2019,2/29/2020,Transporting Rider,0,"291,899"
90314904,10/16/2019,3/31/2020,Transporting Rider,0,"297,737"
90314904,10/16/2019,4/30/2020,Transporting Rider,0,"303,692"
90314904,10/16/2019,5/31/2020,Transporting Rider,0,"309,766"
90314904,10/16/2019,6/30/2020,Transporting Rider,0,"315,961"
90314904,10/16/2019,7/31/2020,Transporting Rider,0,"322,281"
90314904,10/16/2019,8/31/2020,Transporting Rider,0,"328,726"
90314904,10/16/2019,9/30/2020,Transporting Rider,0,"335,301"
90314904,10/16/2019,10/31/2020,Transporting Rider,0,"342,007"
90314904,10/16/2019,11/30/2020,Transporting Rider,0,"348,847"
90314904,10/16/2019,12/31/2020,Transporting Rider,0,"355,824"
90314904,10/16/2019,1/31/2021,Transporting Rider,0,"362,940"
90314904,10/16/2019,2/28/2021,Transporting Rider,0,"370,199"
90314904,10/16/2019,3/31/2021,Transporting Rider,0,"377,565"
90314904,10/16/2019,4/30/2021,Transporting Rider,0,"385,117"
90314904,10/16/2019,5/31/2021,Transporting Rider,"392,819",0
90314904,10/16/2019,6/30/2021,Transporting Rider,"400,675",0
90314904,10/16/2019,7/31/2021,Transporting Rider,"408,689",0
90314904,10/16/2019,8/31/2021,Transporting Rider,"416,863",0
90314904,10/16/2019,9/30/2021,Transporting Rider,"425,200",0
90314904,10/16/2019,10/31/2021,Transporting Rider,"433,704",0
90314904,10/16/2019,11/30/2021,Transporting Rider,"442,378",0
90314904,10/16/2019,12/31/2021,Transporting Rider,"451,226",0
90314904,10/16/2019,1/31/2022,Transporting Rider,"460,250",0
90314904,10/16/2019,2/28/2022,Transporting Rider,"469,455",0
90314904,10/16/2019,3/31/2022,Transporting Rider,"478,844",0
90314904,10/16/2019,4/30/2022,Transporting Rider,"488,421",0
90314904,10/16/2019,5/31/2022,Transporting Rider,"498,189",0
90317824,11/3/2019,1/31/2020,Transporting Rider,0,"1,000,000"
90317824,11/3/2019,2/29/2020,Transporting Rider,0,"1,000,000"
90317824,11/3/2019,3/31/2020,Transporting Rider,0,"1,000,000"
90317824,11/3/2019,4/30/2020,Transporting Rider,"1,000,000",0
90317824,11/3/2019,5/31/2020,Transporting Rider,"1,000,000",0
90317824,11/3/2019,6/30/2020,Transporting Rider,"1,000,000",0
90317824,11/3/2019,7/31/2020,Transporting Rider,"1,000,000",0
90317824,11/3/2019,8/31/2020,Transporting Rider,"1,000,000",0
90317824,11/3/2019,9/30/2020,Transporting Rider,"1,000,000",0
90317824,11/3/2019,10/31/2020,Transporting Rider,"1,000,000",0
90317824,11/3/2019,11/30/2020,Transporting Rider,"1,000,000",0
90317824,11/3/2019,12/31/2020,Transporting Rider,"1,000,000",0
90317824,11/3/2019,1/31/2021,Transporting Rider,"1,000,000",0
90317824,11/3/2019,2/28/2021,Transporting Rider,"1,000,000",0
90317824,11/3/2019,3/31/2021,Transporting Rider,"1,000,000",0
90317824,11/3/2019,4/30/2021,Transporting Rider,"1,000,000",0
90317824,11/3/2019,5/31/2021,Transporting Rider,"1,000,000",0
90317824,11/3/2019,6/30/2021,Transporting Rider,"1,000,000",0
90317824,11/3/2019,7/31/2021,Transporting Rider,"1,000,000",0
90317824,11/3/2019,8/31/2021,Transporting Rider,"1,000,000",0
90317824,11/3/2019,9/30/2021,Transporting Rider,"1,000,000",0
90317824,11/3/2019,10/31/2021,Transporting Rider,"1,000,000",0
90317824,11/3/2019,11/30/2021,Transporting Rider,"1,000,000",0
90317824,11/3/2019,12/31/2021,Transporting Rider,"1,000,000",0
90317824,11/3/2019,1/31/2022,Transporting Rider,"1,000,000",0
90317824,11/3/2019,2/28/2022,Transporting Rider,"1,000,000",0
90317824,11/3/2019,3/31/2022,Transporting Rider,"1,000,000",0
90317824,11/3/2019,4/30/2022,Transporting Rider,"1,000,000",0
90317824,11/3/2019,5/31/2022,Transporting Rider,"1,000,000",0
142200183,3/17/2020,3/31/2020,En Route To Pickup,0,"972,774"
142200183,3/17/2020,4/30/2020,En Route To Pickup,0,"972,774"
142200183,3/17/2020,5/31/2020,En Route To Pickup,"992,038",0
142200183,3/17/2020,6/30/2020,En Route To Pickup,"1,000,000",0
142200183,3/17/2020,7/31/2020,En Route To Pickup,"1,000,000",0
142200183,3/17/2020,8/31/2020,En Route To Pickup,"1,000,000",0
142200183,3/17/2020,9/30/2020,En Route To Pickup,"1,000,000",0
142200183,3/17/2020,10/31/2020,En Route To Pickup,"1,000,000",0
142200183,3/17/2020,11/30/2020,En Route To Pickup,"1,000,000",0
142200183,3/17/2020,12/31/2020,En Route To Pickup,"1,000,000",0
142200183,3/17/2020,1/31/2021,En Route To Pickup,"1,000,000",0
142200183,3/17/2020,2/28/2021,En Route To Pickup,"1,000,000",0
142200183,3/17/2020,3/31/2021,En Route To Pickup,"1,000,000",0
142200183,3/17/2020,4/30/2021,En Route To Pickup,"1,000,000",0
142200183,3/17/2020,5/31/2021,En Route To Pickup,"1,000,000",0
142200183,3/17/2020,6/30/2021,En Route To Pickup,"1,000,000",0
142200183,3/17/2020,7/31/2021,En Route To Pickup,"1,000,000",0
142200183,3/17/2020,8/31/2021,En Route To Pickup,"1,000,000",0
142200183,3/17/2020,9/30/2021,En Route To Pickup,"1,000,000",0
142200183,3/17/2020,10/31/2021,En Route To Pickup,"1,000,000",0
142200183,3/17/2020,11/30/2021,En Route To Pickup,"1,000,000",0
142200183,3/17/2020,12/31/2021,En Route To Pickup,"1,000,000",0
181327589,5/6/2018,5/31/2018,Off-line,0,"583,106"
181327589,5/6/2018,6/30/2018,Off-line,0,0
181327589,5/6/2018,7/31/2018,Off-line,0,0
181327589,5/6/2018,8/31/2018,Off-line,0,0
181327589,5/6/2018,9/30/2018,Off-line,0,0
181327589,5/6/2018,10/31/2018,Off-line,0,0
181327589,5/6/2018,11/30/2018,Off-line,0,0
181327589,5/6/2018,12/31/2018,Off-line,0,0
181327589,5/6/2018,1/31/2019,Off-line,0,0
181327589,5/6/2018,2/28/2019,Off-line,0,0
181327589,5/6/2018,3/31/2019,Off-line,0,0
181327589,5/6/2018,4/30/2019,Off-line,0,0
181327589,5/6/2018,5/31/2019,Off-line,0,0
181327589,5/6/2018,6/30/2019,Off-line,0,0
181327589,5/6/2018,7/31/2019,Off-line,0,0
181327589,5/6/2018,8/31/2019,Off-line,0,0
181327589,5/6/2018,9/30/2019,Off-line,0,0
181327589,5/6/2018,10/31/2019,Off-line,0,0
181327589,5/6/2018,11/30/2019,Off-line,0,0
181327589,5/6/2018,12/31/2019,Off-line,0,0
181327589,5/6/2018,1/31/2020,Off-line,0,0
181327589,5/6/2018,2/29/2020,Off-line,0,0
181327589,5/6/2018,3/31/2020,Off-line,0,0
181327589,5/6/2018,4/30/2020,Off-line,0,0
181327589,5/6/2018,5/31/2020,Off-line,0,0
181327589,5/6/2018,6/30/2020,Off-line,0,0
181327589,5/6/2018,7/31/2020,Off-line,0,0
181327589,5/6/2018,8/31/2020,Off-line,0,0
181327589,5/6/2018,9/30/2020,Off-line,0,0
181327589,5/6/2018,10/31/2020,Off-line,0,0
181327589,5/6/2018,11/30/2020,Off-line,0,0
181327589,5/6/2018,12/31/2020,Off-line,0,0
181327589,5/6/2018,1/31/2021,Off-line,0,0
181327589,5/6/2018,2/28/2021,Off-line,0,0
181327589,5/6/2018,3/31/2021,Off-line,0,0
181327589,5/6/2018,4/30/2021,Off-line,0,0
181327589,5/6/2018,5/31/2021,Off-line,0,0
181327589,5/6/2018,6/30/2021,Off-line,0,0
181327589,5/6/2018,7/31/2021,Off-line,0,0
181327589,5/6/2018,8/31/2021,Off-line,0,0
181327589,5/6/2018,9/30/2021,Off-line,0,0
181327589,5/6/2018,10/31/2021,Off-line,0,0
181327589,5/6/2018,11/30/2021,Off-line,0,0
181327589,5/6/2018,12/31/2021,Off-line,0,0
181327589,5/6/2018,1/31/2022,Off-line,0,0
181327589,5/6/2018,2/28/2022,Off-line,0,0
181327589,5/6/2018,3/31/2022,Off-line,0,0
181327589,5/6/2018,4/30/2022,Off-line,0,0
181327589,5/6/2018,5/31/2022,Off-line,0,0
181327589,5/6/2018,6/30/2022,Off-line,0,0
191351907,4/18/2020,4/30/2020,En Route To Pickup,"146,688",0
191351907,4/18/2020,5/31/2020,En Route To Pickup,"152,441",0
191351907,4/18/2020,6/30/2020,En Route To Pickup,"153,958",0
191351907,4/18/2020,7/31/2020,En Route To Pickup,"157,007",0
191351907,4/18/2020,8/31/2020,En Route To Pickup,"157,007",0
191351907,4/18/2020,9/30/2020,En Route To Pickup,"157,007",0
191351907,4/18/2020,10/31/2020,En Route To Pickup,"157,007",0
191351907,4/18/2020,11/30/2020,En Route To Pickup,"157,007",0
191351907,4/18/2020,12/31/2020,En Route To Pickup,"157,007",0
191351907,4/18/2020,1/31/2021,En Route To Pickup,"157,007",0
191351907,4/18/2020,2/28/2021,En Route To Pickup,"157,007",0
191351907,4/18/2020,3/31/2021,En Route To Pickup,"157,007",0
191351907,4/18/2020,4/30/2021,En Route To Pickup,"157,007",0
191351907,4/18/2020,5/31/2021,En Route To Pickup,"157,007",0
191351907,4/18/2020,6/30/2021,En Route To Pickup,"157,007",0
191351907,4/18/2020,7/31/2021,En Route To Pickup,"157,007",0
191351907,4/18/2020,8/31/2021,En Route To Pickup,"157,007",0
191351907,4/18/2020,9/30/2021,En Route To Pickup,"157,007",0
191351907,4/18/2020,10/31/2021,En Route To Pickup,"157,007",0
191351907,4/18/2020,11/30/2021,En Route To Pickup,"157,007",0
191351907,4/18/2020,12/31/2021,En Route To Pickup,"157,007",0
201782005,12/31/2019,5/31/2020,Transporting Rider,0,"886,145"
201782005,12/31/2019,6/30/2020,Transporting Rider,0,"903,867"
201782005,12/31/2019,7/31/2020,Transporting Rider,0,"921,945"
201782005,12/31/2019,8/31/2020,Transporting Rider,0,"940,384"
201782005,12/31/2019,9/30/2020,Transporting Rider,"959,191",0
201782005,12/31/2019,10/31/2020,Transporting Rider,"978,375",0
201782005,12/31/2019,11/30/2020,Transporting Rider,"997,943",0
201782005,12/31/2019,12/31/2020,Transporting Rider,"1,000,000",0
201782005,12/31/2019,1/31/2021,Transporting Rider,"1,000,000",0
201782005,12/31/2019,2/28/2021,Transporting Rider,"1,000,000",0
201782005,12/31/2019,3/31/2021,Transporting Rider,"1,000,000",0
201782005,12/31/2019,4/30/2021,Transporting Rider,"1,000,000",0
201782005,12/31/2019,5/31/2021,Transporting Rider,"1,000,000",0
201782005,12/31/2019,6/30/2021,Transporting Rider,"1,000,000",0
201782005,12/31/2019,7/31/2021,Transporting Rider,"1,000,000",0
201782005,12/31/2019,8/31/2021,Transporting Rider,"1,000,000",0
201782005,12/31/2019,9/30/2021,Transporting Rider,"1,000,000",0
201782005,12/31/2019,10/31/2021,Transporting Rider,"1,000,000",0
201782005,12/31/2019,11/30/2021,Transporting Rider,"1,000,000",0
201782005,12/31/2019,12/31/2021,Transporting Rider,"1,000,000",0
201782005,12/31/2019,1/31/2022,Transporting Rider,"1,000,000",0
201782005,12/31/2019,2/28/2022,Transporting Rider,"1,000,000",0
201782005,12/31/2019,3/31/2022,Transporting Rider,"1,000,000",0
201782005,12/31/2019,4/30/2022,Transporting Rider,"1,000,000",0
201782005,12/31/2019,5/31/2022,Transporting Rider,"1,000,000",0
201782005,12/31/2019,6/30/2022,Transporting Rider,"1,000,000",0
210461516,10/11/2018,1/31/2020,En Route To Pickup,0,"507,679"
210461516,10/11/2018,2/29/2020,En Route To Pickup,"507,679",0
210461516,10/11/2018,3/31/2020,En Route To Pickup,"522,685",0
210461516,10/11/2018,4/30/2020,En Route To Pickup,"527,886",0
210461516,10/11/2018,5/31/2020,En Route To Pickup,"548,590",0
210461516,10/11/2018,6/30/2020,En Route To Pickup,"554,049",0
210461516,10/11/2018,7/31/2020,En Route To Pickup,"565,021",0
210461516,10/11/2018,8/31/2020,En Route To Pickup,"565,021",0
210461516,10/11/2018,9/30/2020,En Route To Pickup,"565,021",0
210461516,10/11/2018,10/31/2020,En Route To Pickup,"565,021",0
210461516,10/11/2018,11/30/2020,En Route To Pickup,"565,021",0
210461516,10/11/2018,12/31/2020,En Route To Pickup,"565,021",0
210461516,10/11/2018,1/31/2021,En Route To Pickup,"565,021",0
210461516,10/11/2018,2/28/2021,En Route To Pickup,"565,021",0
210461516,10/11/2018,3/31/2021,En Route To Pickup,"565,021",0
210461516,10/11/2018,4/30/2021,En Route To Pickup,"565,021",0
210461516,10/11/2018,5/31/2021,En Route To Pickup,"565,021",0
210461516,10/11/2018,6/30/2021,En Route To Pickup,"565,021",0
210461516,10/11/2018,7/31/2021,En Route To Pickup,"565,021",0
210461516,10/11/2018,8/31/2021,En Route To Pickup,"565,021",0
210461516,10/11/2018,9/30/2021,En Route To Pickup,"565,021",0
210461516,10/11/2018,10/31/2021,En Route To Pickup,"565,021",0
210461516,10/11/2018,11/30/2021,En Route To Pickup,"565,021",0
210461516,10/11/2018,12/31/2021,En Route To Pickup,"565,021",0
225506022,10/13/2021,1/31/2022,Available,0,"440,880"
225506022,10/13/2021,2/28/2022,Available,0,0
225506022,10/13/2021,3/31/2022,Available,0,0
225506022,10/13/2021,4/30/2022,Available,0,0
225506022,10/13/2021,5/31/2022,Available,0,0
225506022,10/13/2021,6/30/2022,Available,0,0
235426649,10/29/2021,10/31/2021,En Route To Pickup,"1,000,000",0
235426649,10/29/2021,11/30/2021,En Route To Pickup,"1,000,000",0
235426649,10/29/2021,12/31/2021,En Route To Pickup,"1,000,000",0
247351214,11/18/2018,1/31/2020,En Route To Pickup,0,"368,293"
247351214,11/18/2018,2/29/2020,En Route To Pickup,"368,293",0
247351214,11/18/2018,3/31/2020,En Route To Pickup,"379,179",0
247351214,11/18/2018,4/30/2020,En Route To Pickup,"379,179",0
247351214,11/18/2018,5/31/2020,En Route To Pickup,"379,179",0
247351214,11/18/2018,6/30/2020,En Route To Pickup,"379,179",0
247351214,11/18/2018,7/31/2020,En Route To Pickup,"379,179",0
247351214,11/18/2018,8/31/2020,En Route To Pickup,"379,179",0
247351214,11/18/2018,9/30/2020,En Route To Pickup,"379,179",0
247351214,11/18/2018,10/31/2020,En Route To Pickup,"379,179",0
247351214,11/18/2018,11/30/2020,En Route To Pickup,"379,179",0
247351214,11/18/2018,12/31/2020,En Route To Pickup,"379,179",0
247351214,11/18/2018,1/31/2021,En Route To Pickup,"379,179",0
247351214,11/18/2018,2/28/2021,En Route To Pickup,"379,179",0
247351214,11/18/2018,3/31/2021,En Route To Pickup,"379,179",0
247351214,11/18/2018,4/30/2021,En Route To Pickup,"379,179",0
247351214,11/18/2018,5/31/2021,En Route To Pickup,"379,179",0
247351214,11/18/2018,6/30/2021,En Route To Pickup,"379,179",0
247351214,11/18/2018,7/31/2021,En Route To Pickup,"379,179",0
247351214,11/18/2018,8/31/2021,En Route To Pickup,"379,179",0
247351214,11/18/2018,9/30/2021,En Route To Pickup,"379,179",0
247351214,11/18/2018,10/31/2021,En Route To Pickup,"379,179",0
247351214,11/18/2018,11/30/2021,En Route To Pickup,"379,179",0
247351214,11/18/2018,12/31/2021,En Route To Pickup,"379,179",0
262144358,6/3/2020,6/30/2020,En Route To Pickup,0,"199,295"
262144358,6/3/2020,7/31/2020,En Route To Pickup,0,"203,242"
262144358,6/3/2020,8/31/2020,En Route To Pickup,0,"205,264"
262144358,6/3/2020,9/30/2020,En Route To Pickup,0,"213,315"
262144358,6/3/2020,10/31/2020,En Route To Pickup,"221,681",0
262144358,6/3/2020,11/30/2020,En Route To Pickup,"221,681",0
262144358,6/3/2020,12/31/2020,En Route To Pickup,"221,681",0
262144358,6/3/2020,1/31/2021,En Route To Pickup,"221,681",0
262144358,6/3/2020,2/28/2021,En Route To Pickup,"221,681",0
262144358,6/3/2020,3/31/2021,En Route To Pickup,"221,681",0
262144358,6/3/2020,4/30/2021,En Route To Pickup,"221,681",0
262144358,6/3/2020,5/31/2021,En Route To Pickup,"221,681",0
262144358,6/3/2020,6/30/2021,En Route To Pickup,"221,681",0
262144358,6/3/2020,7/31/2021,En Route To Pickup,"221,681",0
262144358,6/3/2020,8/31/2021,En Route To Pickup,"221,681",0
262144358,6/3/2020,9/30/2021,En Route To Pickup,"221,681",0
262144358,6/3/2020,10/31/2021,En Route To Pickup,"221,681",0
262144358,6/3/2020,11/30/2021,En Route To Pickup,"221,681",0
262144358,6/3/2020,12/31/2021,En Route To Pickup,"221,681",0
277003571,12/5/2018,1/31/2020,En Route To Pickup,0,"512,341"
277003571,12/5/2018,2/29/2020,En Route To Pickup,0,"512,341"
277003571,12/5/2018,3/31/2020,En Route To Pickup,"522,487",0
277003571,12/5/2018,4/30/2020,En Route To Pickup,"542,979",0
277003571,12/5/2018,5/31/2020,En Route To Pickup,"542,979",0
277003571,12/5/2018,6/30/2020,En Route To Pickup,"542,979",0
277003571,12/5/2018,7/31/2020,En Route To Pickup,"542,979",0
277003571,12/5/2018,8/31/2020,En Route To Pickup,"542,979",0
277003571,12/5/2018,9/30/2020,En Route To Pickup,"542,979",0
277003571,12/5/2018,10/31/2020,En Route To Pickup,"542,979",0
277003571,12/5/2018,11/30/2020,En Route To Pickup,"542,979",0
277003571,12/5/2018,12/31/2020,En Route To Pickup,"542,979",0
277003571,12/5/2018,1/31/2021,En Route To Pickup,"542,979",0
277003571,12/5/2018,2/28/2021,En Route To Pickup,"542,979",0
277003571,12/5/2018,3/31/2021,En Route To Pickup,"542,979",0
277003571,12/5/2018,4/30/2021,En Route To Pickup,"542,979",0
277003571,12/5/2018,5/31/2021,En Route To Pickup,"542,979",0
277003571,12/5/2018,6/30/2021,En Route To Pickup,"542,979",0
277003571,12/5/2018,7/31/2021,En Route To Pickup,"542,979",0
277003571,12/5/2018,8/31/2021,En Route To Pickup,"542,979",0
277003571,12/5/2018,9/30/2021,En Route To Pickup,"542,979",0
277003571,12/5/2018,10/31/2021,En Route To Pickup,"542,979",0
277003571,12/5/2018,11/30/2021,En Route To Pickup,"542,979",0
277003571,12/5/2018,12/31/2021,En Route To Pickup,"542,979",0
299671122,2/12/2021,2/28/2021,En Route To Pickup,0,"700,628"
299671122,2/12/2021,3/31/2021,En Route To Pickup,"700,628",0
299671122,2/12/2021,4/30/2021,En Route To Pickup,"721,337",0
299671122,2/12/2021,5/31/2021,En Route To Pickup,"749,629",0
299671122,2/12/2021,6/30/2021,En Route To Pickup,"749,629",0
299671122,2/12/2021,7/31/2021,En Route To Pickup,"749,629",0
299671122,2/12/2021,8/31/2021,En Route To Pickup,"749,629",0
299671122,2/12/2021,9/30/2021,En Route To Pickup,"749,629",0
299671122,2/12/2021,10/31/2021,En Route To Pickup,"749,629",0
299671122,2/12/2021,11/30/2021,En Route To Pickup,"749,629",0
299671122,2/12/2021,12/31/2021,En Route To Pickup,"749,629",0
310493025,4/17/2019,1/31/2020,En Route To Pickup,0,"713,730"
310493025,4/17/2019,2/29/2020,En Route To Pickup,"713,730",0
310493025,4/17/2019,3/31/2020,En Route To Pickup,"734,827",0
310493025,4/17/2019,4/30/2020,En Route To Pickup,"734,827",0
310493025,4/17/2019,5/31/2020,En Route To Pickup,"734,827",0
310493025,4/17/2019,6/30/2020,En Route To Pickup,"734,827",0
310493025,4/17/2019,7/31/2020,En Route To Pickup,"734,827",0
310493025,4/17/2019,8/31/2020,En Route To Pickup,"734,827",0
310493025,4/17/2019,9/30/2020,En Route To Pickup,"734,827",0
310493025,4/17/2019,10/31/2020,En Route To Pickup,"734,827",0
310493025,4/17/2019,11/30/2020,En Route To Pickup,"734,827",0
310493025,4/17/2019,12/31/2020,En Route To Pickup,"734,827",0
310493025,4/17/2019,1/31/2021,En Route To Pickup,"734,827",0
310493025,4/17/2019,2/28/2021,En Route To Pickup,"734,827",0
310493025,4/17/2019,3/31/2021,En Route To Pickup,"734,827",0
310493025,4/17/2019,4/30/2021,En Route To Pickup,"734,827",0
310493025,4/17/2019,5/31/2021,En Route To Pickup,"734,827",0
310493025,4/17/2019,6/30/2021,En Route To Pickup,"734,827",0
310493025,4/17/2019,7/31/2021,En Route To Pickup,"734,827",0
310493025,4/17/2019,8/31/2021,En Route To Pickup,"734,827",0
310493025,4/17/2019,9/30/2021,En Route To Pickup,"734,827",0
310493025,4/17/2019,10/31/2021,En Route To Pickup,"734,827",0
310493025,4/17/2019,11/30/2021,En Route To Pickup,"734,827",0
310493025,4/17/2019,12/31/2021,En Route To Pickup,"734,827",0
332981380,8/9/2019,1/31/2020,En Route To Pickup,0,"613,840"
332981380,8/9/2019,2/29/2020,En Route To Pickup,"613,840",0
332981380,8/9/2019,3/31/2020,En Route To Pickup,"619,948",0
332981380,8/9/2019,4/30/2020,En Route To Pickup,"638,273",0
332981380,8/9/2019,5/31/2020,En Route To Pickup,"650,912",0
332981380,8/9/2019,6/30/2020,En Route To Pickup,"670,152",0
332981380,8/9/2019,7/31/2020,En Route To Pickup,"689,961",0
332981380,8/9/2019,8/31/2020,En Route To Pickup,"710,356",0
332981380,8/9/2019,9/30/2020,En Route To Pickup,"717,424",0
332981380,8/9/2019,10/31/2020,En Route To Pickup,"731,631",0
332981380,8/9/2019,11/30/2020,En Route To Pickup,"753,257",0
332981380,8/9/2019,12/31/2020,En Route To Pickup,"760,752",0
332981380,8/9/2019,1/31/2021,En Route To Pickup,"775,817",0
332981380,8/9/2019,2/28/2021,En Route To Pickup,"775,817",0
332981380,8/9/2019,3/31/2021,En Route To Pickup,"775,817",0
332981380,8/9/2019,4/30/2021,En Route To Pickup,"775,817",0
332981380,8/9/2019,5/31/2021,En Route To Pickup,"775,817",0
332981380,8/9/2019,6/30/2021,En Route To Pickup,"775,817",0
332981380,8/9/2019,7/31/2021,En Route To Pickup,"775,817",0
332981380,8/9/2019,8/31/2021,En Route To Pickup,"775,817",0
332981380,8/9/2019,9/30/2021,En Route To Pickup,"775,817",0
332981380,8/9/2019,10/31/2021,En Route To Pickup,"775,817",0
332981380,8/9/2019,11/30/2021,En Route To Pickup,"775,817",0
332981380,8/9/2019,12/31/2021,En Route To Pickup,"775,817",0
348425392,6/17/2019,1/31/2020,En Route To Pickup,0,"587,609"
348425392,6/17/2019,2/29/2020,En Route To Pickup,"599,245",0
348425392,6/17/2019,3/31/2020,En Route To Pickup,"616,958",0
348425392,6/17/2019,4/30/2020,En Route To Pickup,"616,958",0
348425392,6/17/2019,5/31/2020,En Route To Pickup,"616,958",0
348425392,6/17/2019,6/30/2020,En Route To Pickup,"616,958",0
348425392,6/17/2019,7/31/2020,En Route To Pickup,"616,958",0
348425392,6/17/2019,8/31/2020,En Route To Pickup,"616,958",0
348425392,6/17/2019,9/30/2020,En Route To Pickup,"616,958",0
348425392,6/17/2019,10/31/2020,En Route To Pickup,"616,958",0
348425392,6/17/2019,11/30/2020,En Route To Pickup,"616,958",0
348425392,6/17/2019,12/31/2020,En Route To Pickup,"616,958",0
348425392,6/17/2019,1/31/2021,En Route To Pickup,"616,958",0
348425392,6/17/2019,2/28/2021,En Route To Pickup,"616,958",0
348425392,6/17/2019,3/31/2021,En Route To Pickup,"616,958",0
348425392,6/17/2019,4/30/2021,En Route To Pickup,"616,958",0
348425392,6/17/2019,5/31/2021,En Route To Pickup,"616,958",0
348425392,6/17/2019,6/30/2021,En Route To Pickup,"616,958",0
348425392,6/17/2019,7/31/2021,En Route To Pickup,"616,958",0
348425392,6/17/2019,8/31/2021,En Route To Pickup,"616,958",0
348425392,6/17/2019,9/30/2021,En Route To Pickup,"616,958",0
348425392,6/17/2019,10/31/2021,En Route To Pickup,"616,958",0
348425392,6/17/2019,11/30/2021,En Route To Pickup,"616,958",0
348425392,6/17/2019,12/31/2021,En Route To Pickup,"616,958",0
392312875,10/20/2020,10/31/2020,En Route To Pickup,0,"854,960"
392312875,10/20/2020,11/30/2020,En Route To Pickup,0,"863,467"
392312875,10/20/2020,12/31/2020,En Route To Pickup,"897,332",0
392312875,10/20/2020,1/31/2021,En Route To Pickup,"906,261",0
392312875,10/20/2020,2/28/2021,En Route To Pickup,"941,805",0
392312875,10/20/2020,3/31/2021,En Route To Pickup,"978,744",0
392312875,10/20/2020,4/30/2021,En Route To Pickup,"988,483",0
392312875,10/20/2020,5/31/2021,En Route To Pickup,"988,483",0
392312875,10/20/2020,6/30/2021,En Route To Pickup,"988,483",0
392312875,10/20/2020,7/31/2021,En Route To Pickup,"988,483",0
392312875,10/20/2020,8/31/2021,En Route To Pickup,"988,483",0
392312875,10/20/2020,9/30/2021,En Route To Pickup,"988,483",0
392312875,10/20/2020,10/31/2021,En Route To Pickup,"988,483",0
392312875,10/20/2020,11/30/2021,En Route To Pickup,"988,483",0
392312875,10/20/2020,12/31/2021,En Route To Pickup,"988,483",0
399837067,3/27/2020,3/31/2020,En Route To Pickup,"458,495",0
399837067,3/27/2020,4/30/2020,En Route To Pickup,"472,048",0
399837067,3/27/2020,5/31/2020,En Route To Pickup,"481,395",0
399837067,3/27/2020,6/30/2020,En Route To Pickup,"481,395",0
399837067,3/27/2020,7/31/2020,En Route To Pickup,"481,395",0
399837067,3/27/2020,8/31/2020,En Route To Pickup,"481,395",0
399837067,3/27/2020,9/30/2020,En Route To Pickup,"481,395",0
399837067,3/27/2020,10/31/2020,En Route To Pickup,"481,395",0
399837067,3/27/2020,11/30/2020,En Route To Pickup,"481,395",0
399837067,3/27/2020,12/31/2020,En Route To Pickup,"481,395",0
399837067,3/27/2020,1/31/2021,En Route To Pickup,"481,395",0
399837067,3/27/2020,2/28/2021,En Route To Pickup,"481,395",0
399837067,3/27/2020,3/31/2021,En Route To Pickup,"481,395",0
399837067,3/27/2020,4/30/2021,En Route To Pickup,"481,395",0
399837067,3/27/2020,5/31/2021,En Route To Pickup,"481,395",0
399837067,3/27/2020,6/30/2021,En Route To Pickup,"481,395",0
399837067,3/27/2020,7/31/2021,En Route To Pickup,"481,395",0
399837067,3/27/2020,8/31/2021,En Route To Pickup,"481,395",0
399837067,3/27/2020,9/30/2021,En Route To Pickup,"481,395",0
399837067,3/27/2020,10/31/2021,En Route To Pickup,"481,395",0
399837067,3/27/2020,11/30/2021,En Route To Pickup,"481,395",0
399837067,3/27/2020,12/31/2021,En Route To Pickup,"481,395",0
412266949,6/20/2020,6/30/2020,En Route To Pickup,"534,175",0
412266949,6/20/2020,7/31/2020,En Route To Pickup,"539,490",0
412266949,6/20/2020,8/31/2020,En Route To Pickup,"555,437",0
412266949,6/20/2020,9/30/2020,En Route To Pickup,"555,437",0
412266949,6/20/2020,10/31/2020,En Route To Pickup,"555,437",0
412266949,6/20/2020,11/30/2020,En Route To Pickup,"555,437",0
412266949,6/20/2020,12/31/2020,En Route To Pickup,"555,437",0
412266949,6/20/2020,1/31/2021,En Route To Pickup,"555,437",0
412266949,6/20/2020,2/28/2021,En Route To Pickup,"555,437",0
412266949,6/20/2020,3/31/2021,En Route To Pickup,"555,437",0
412266949,6/20/2020,4/30/2021,En Route To Pickup,"555,437",0
412266949,6/20/2020,5/31/2021,En Route To Pickup,"555,437",0
412266949,6/20/2020,6/30/2021,En Route To Pickup,"555,437",0
412266949,6/20/2020,7/31/2021,En Route To Pickup,"555,437",0
412266949,6/20/2020,8/31/2021,En Route To Pickup,"555,437",0
412266949,6/20/2020,9/30/2021,En Route To Pickup,"555,437",0
412266949,6/20/2020,10/31/2021,En Route To Pickup,"555,437",0
412266949,6/20/2020,11/30/2021,En Route To Pickup,"555,437",0
412266949,6/20/2020,12/31/2021,En Route To Pickup,"555,437",0
412747173,8/30/2018,1/31/2020,En Route To Pickup,0,"792,411"
412747173,8/30/2018,2/29/2020,En Route To Pickup,"800,296",0
412747173,8/30/2018,3/31/2020,En Route To Pickup,"800,296",0
412747173,8/30/2018,4/30/2020,En Route To Pickup,"800,296",0
412747173,8/30/2018,5/31/2020,En Route To Pickup,"800,296",0
412747173,8/30/2018,6/30/2020,En Route To Pickup,"800,296",0
412747173,8/30/2018,7/31/2020,En Route To Pickup,"800,296",0
412747173,8/30/2018,8/31/2020,En Route To Pickup,"800,296",0
412747173,8/30/2018,9/30/2020,En Route To Pickup,"800,296",0
412747173,8/30/2018,10/31/2020,En Route To Pickup,"800,296",0
412747173,8/30/2018,11/30/2020,En Route To Pickup,"800,296",0
412747173,8/30/2018,12/31/2020,En Route To Pickup,"800,296",0
412747173,8/30/2018,1/31/2021,En Route To Pickup,"800,296",0
412747173,8/30/2018,2/28/2021,En Route To Pickup,"800,296",0
412747173,8/30/2018,3/31/2021,En Route To Pickup,"800,296",0
412747173,8/30/2018,4/30/2021,En Route To Pickup,"800,296",0
412747173,8/30/2018,5/31/2021,En Route To Pickup,"800,296",0
412747173,8/30/2018,6/30/2021,En Route To Pickup,"800,296",0
412747173,8/30/2018,7/31/2021,En Route To Pickup,"800,296",0
412747173,8/30/2018,8/31/2021,En Route To Pickup,"800,296",0
412747173,8/30/2018,9/30/2021,En Route To Pickup,"800,296",0
412747173,8/30/2018,10/31/2021,En Route To Pickup,"800,296",0
412747173,8/30/2018,11/30/2021,En Route To Pickup,"800,296",0
412747173,8/30/2018,12/31/2021,En Route To Pickup,"800,296",0
466730309,7/12/2018,1/31/2020,En Route To Pickup,0,"311,139"
466730309,7/12/2018,2/29/2020,En Route To Pickup,"317,300",0
466730309,7/12/2018,3/31/2020,En Route To Pickup,"320,458",0
466730309,7/12/2018,4/30/2020,En Route To Pickup,"323,646",0
466730309,7/12/2018,5/31/2020,En Route To Pickup,"326,867",0
466730309,7/12/2018,6/30/2020,En Route To Pickup,"326,867",0
466730309,7/12/2018,7/31/2020,En Route To Pickup,"326,867",0
466730309,7/12/2018,8/31/2020,En Route To Pickup,"326,867",0
466730309,7/12/2018,9/30/2020,En Route To Pickup,"326,867",0
466730309,7/12/2018,10/31/2020,En Route To Pickup,"326,867",0
466730309,7/12/2018,11/30/2020,En Route To Pickup,"326,867",0
466730309,7/12/2018,12/31/2020,En Route To Pickup,"326,867",0
466730309,7/12/2018,1/31/2021,En Route To Pickup,"326,867",0
466730309,7/12/2018,2/28/2021,En Route To Pickup,"326,867",0
466730309,7/12/2018,3/31/2021,En Route To Pickup,"326,867",0
466730309,7/12/2018,4/30/2021,En Route To Pickup,"326,867",0
466730309,7/12/2018,5/31/2021,En Route To Pickup,"326,867",0
466730309,7/12/2018,6/30/2021,En Route To Pickup,"326,867",0
466730309,7/12/2018,7/31/2021,En Route To Pickup,"326,867",0
466730309,7/12/2018,8/31/2021,En Route To Pickup,"326,867",0
466730309,7/12/2018,9/30/2021,En Route To Pickup,"326,867",0
466730309,7/12/2018,10/31/2021,En Route To Pickup,"326,867",0
466730309,7/12/2018,11/30/2021,En Route To Pickup,"326,867",0
466730309,7/12/2018,12/31/2021,En Route To Pickup,"326,867",0
512923478,1/28/2021,1/31/2021,En Route To Pickup,"100,318",0
512923478,1/28/2021,2/28/2021,En Route To Pickup,"101,316",0
512923478,1/28/2021,3/31/2021,En Route To Pickup,"103,322",0
512923478,1/28/2021,4/30/2021,En Route To Pickup,"105,368",0
512923478,1/28/2021,5/31/2021,En Route To Pickup,"107,455",0
512923478,1/28/2021,6/30/2021,En Route To Pickup,"108,524",0
512923478,1/28/2021,7/31/2021,En Route To Pickup,"110,673",0
512923478,1/28/2021,8/31/2021,En Route To Pickup,"110,673",0
512923478,1/28/2021,9/30/2021,En Route To Pickup,"110,673",0
512923478,1/28/2021,10/31/2021,En Route To Pickup,"110,673",0
512923478,1/28/2021,11/30/2021,En Route To Pickup,"110,673",0
512923478,1/28/2021,12/31/2021,En Route To Pickup,"110,673",0
524204369,11/11/2018,11/30/2018,Available,0,"604,625"
524204369,11/11/2018,12/31/2018,Available,0,"616,718"
524204369,11/11/2018,1/31/2019,Available,0,"629,052"
524204369,11/11/2018,2/28/2019,Available,0,"212,923"
524204369,11/11/2018,3/31/2019,Available,0,"1,000,000"
524204369,11/11/2018,4/30/2019,Available,0,"1,000,000"
524204369,11/11/2018,5/31/2019,Available,"1,000,000",0
524204369,11/11/2018,6/30/2019,Available,"1,000,000",0
524204369,11/11/2018,7/31/2019,Available,"1,000,000",0
524204369,11/11/2018,8/31/2019,Available,"1,000,000",0
524204369,11/11/2018,9/30/2019,Available,"1,000,000",0
524204369,11/11/2018,10/31/2019,Available,"1,000,000",0
524204369,11/11/2018,11/30/2019,Available,"1,000,000",0
524204369,11/11/2018,12/31/2019,Available,"1,000,000",0
524204369,11/11/2018,1/31/2020,Available,"1,000,000",0
524204369,11/11/2018,2/29/2020,Available,"1,000,000",0
524204369,11/11/2018,3/31/2020,Available,"1,000,000",0
524204369,11/11/2018,4/30/2020,Available,"1,000,000",0
524204369,11/11/2018,5/31/2020,Available,"1,000,000",0
524204369,11/11/2018,6/30/2020,Available,"1,000,000",0
524204369,11/11/2018,7/31/2020,Available,"1,000,000",0
524204369,11/11/2018,8/31/2020,Available,"1,000,000",0
524204369,11/11/2018,9/30/2020,Available,"1,000,000",0
524204369,11/11/2018,10/31/2020,Available,"1,000,000",0
524204369,11/11/2018,11/30/2020,Available,"1,000,000",0
524204369,11/11/2018,12/31/2020,Available,"1,000,000",0
524204369,11/11/2018,1/31/2021,Available,"1,000,000",0
524204369,11/11/2018,2/28/2021,Available,"1,000,000",0
524204369,11/11/2018,3/31/2021,Available,"1,000,000",0
524204369,11/11/2018,4/30/2021,Available,"1,000,000",0
524204369,11/11/2018,5/31/2021,Available,"1,000,000",0
524204369,11/11/2018,6/30/2021,Available,"1,000,000",0
524204369,11/11/2018,7/31/2021,Available,"1,000,000",0
524204369,11/11/2018,8/31/2021,Available,"1,000,000",0
524204369,11/11/2018,9/30/2021,Available,"1,000,000",0
524204369,11/11/2018,10/31/2021,Available,"1,000,000",0
524204369,11/11/2018,11/30/2021,Available,"1,000,000",0
524204369,11/11/2018,12/31/2021,Available,"1,000,000",0
524204369,11/11/2018,1/31/2022,Available,"1,000,000",0
524204369,11/11/2018,2/28/2022,Available,"1,000,000",0
524204369,11/11/2018,3/31/2022,Available,"1,000,000",0
524204369,11/11/2018,4/30/2022,Available,"1,000,000",0
524204369,11/11/2018,5/31/2022,Available,"1,000,000",0
524204369,11/11/2018,6/30/2022,Available,"1,000,000",0
533953966,6/26/2019,1/31/2020,En Route To Pickup,0,"474,416"
533953966,6/26/2019,2/29/2020,En Route To Pickup,"493,023",0
533953966,6/26/2019,3/31/2020,En Route To Pickup,"507,596",0
533953966,6/26/2019,4/30/2020,En Route To Pickup,"507,596",0
533953966,6/26/2019,5/31/2020,En Route To Pickup,"507,596",0
533953966,6/26/2019,6/30/2020,En Route To Pickup,"507,596",0
533953966,6/26/2019,7/31/2020,En Route To Pickup,"507,596",0
533953966,6/26/2019,8/31/2020,En Route To Pickup,"507,596",0
533953966,6/26/2019,9/30/2020,En Route To Pickup,"507,596",0
533953966,6/26/2019,10/31/2020,En Route To Pickup,"507,596",0
533953966,6/26/2019,11/30/2020,En Route To Pickup,"507,596",0
533953966,6/26/2019,12/31/2020,En Route To Pickup,"507,596",0
533953966,6/26/2019,1/31/2021,En Route To Pickup,"507,596",0
533953966,6/26/2019,2/28/2021,En Route To Pickup,"507,596",0
533953966,6/26/2019,3/31/2021,En Route To Pickup,"507,596",0
533953966,6/26/2019,4/30/2021,En Route To Pickup,"507,596",0
533953966,6/26/2019,5/31/2021,En Route To Pickup,"507,596",0
533953966,6/26/2019,6/30/2021,En Route To Pickup,"507,596",0
533953966,6/26/2019,7/31/2021,En Route To Pickup,"507,596",0
533953966,6/26/2019,8/31/2021,En Route To Pickup,"507,596",0
533953966,6/26/2019,9/30/2021,En Route To Pickup,"507,596",0
533953966,6/26/2019,10/31/2021,En Route To Pickup,"507,596",0
533953966,6/26/2019,11/30/2021,En Route To Pickup,"507,596",0
533953966,6/26/2019,12/31/2021,En Route To Pickup,"507,596",0
546943846,5/24/2019,5/31/2019,Transporting Rider,0,5
546943846,5/24/2019,6/30/2019,Transporting Rider,0,"832,320"
546943846,5/24/2019,7/31/2019,Transporting Rider,0,"848,966"
546943846,5/24/2019,8/31/2019,Transporting Rider,0,"989,875"
546943846,5/25/2019,9/30/2019,Transporting Rider,0,"1,000,000"
546943846,5/25/2019,10/31/2019,Transporting Rider,0,"1,000,000"
546943846,5/25/2019,11/30/2019,Transporting Rider,0,"1,000,000"
546943846,5/25/2019,12/31/2019,Transporting Rider,0,"1,000,000"
546943846,5/25/2019,1/31/2020,Transporting Rider,0,"1,000,000"
546943846,5/25/2019,2/29/2020,Transporting Rider,0,"1,000,000"
546943846,5/25/2019,3/31/2020,Transporting Rider,0,"1,000,000"
546943846,5/25/2019,4/30/2020,Transporting Rider,0,"1,000,000"
546943846,5/25/2019,5/31/2020,Transporting Rider,0,"1,000,000"
546943846,5/25/2019,6/30/2020,Transporting Rider,0,"1,000,000"
546943846,5/25/2019,7/31/2020,Transporting Rider,0,"1,000,000"
546943846,5/25/2019,8/31/2020,Transporting Rider,0,"1,000,000"
546943846,5/25/2019,9/30/2020,Transporting Rider,0,"1,000,000"
546943846,5/25/2019,10/31/2020,Transporting Rider,0,"1,000,000"
546943846,5/25/2019,11/30/2020,Transporting Rider,0,"1,000,000"
546943846,5/25/2019,12/31/2020,Transporting Rider,0,"1,000,000"
546943846,5/25/2019,1/31/2021,Transporting Rider,"1,000,000",0
546943846,5/25/2019,2/28/2021,Transporting Rider,"1,000,000",0
546943846,5/25/2019,3/31/2021,Transporting Rider,"1,000,000",0
546943846,5/25/2019,4/30/2021,Transporting Rider,"1,000,000",0
546943846,5/25/2019,5/31/2021,Transporting Rider,"1,000,000",0
546943846,5/25/2019,6/30/2021,Transporting Rider,"1,000,000",0
546943846,5/25/2019,7/31/2021,Transporting Rider,"1,000,000",0
546943846,5/25/2019,8/31/2021,Transporting Rider,"1,000,000",0
546943846,5/25/2019,9/30/2021,Transporting Rider,"1,000,000",0
546943846,5/25/2019,10/31/2021,Transporting Rider,"1,000,000",0
546943846,5/25/2019,11/30/2021,Transporting Rider,"1,000,000",0
546943846,5/25/2019,12/31/2021,Transporting Rider,"1,000,000",0
546943846,5/25/2019,1/31/2022,Transporting Rider,"1,000,000",0
546943846,5/25/2019,2/28/2022,Transporting Rider,"1,000,000",0
546943846,5/25/2019,3/31/2022,Transporting Rider,"1,000,000",0
546943846,5/25/2019,4/30/2022,Transporting Rider,"1,000,000",0
546943846,5/25/2019,5/31/2022,Transporting Rider,"1,000,000",0
546943846,5/25/2019,6/30/2022,Transporting Rider,"1,000,000",0
563780182,6/23/2019,1/31/2020,En Route To Pickup,0,"27,603"
563780182,6/23/2019,2/29/2020,En Route To Pickup,"28,686",0
563780182,6/23/2019,3/31/2020,En Route To Pickup,"29,534",0
563780182,6/23/2019,4/30/2020,En Route To Pickup,"30,118",0
563780182,6/23/2019,5/31/2020,En Route To Pickup,"31,300",0
563780182,6/23/2019,6/30/2020,En Route To Pickup,"31,919",0
563780182,6/23/2019,7/31/2020,En Route To Pickup,"31,919",0
563780182,6/23/2019,8/31/2020,En Route To Pickup,"31,919",0
563780182,6/23/2019,9/30/2020,En Route To Pickup,"31,919",0
563780182,6/23/2019,10/31/2020,En Route To Pickup,"31,919",0
563780182,6/23/2019,11/30/2020,En Route To Pickup,"31,919",0
563780182,6/23/2019,12/31/2020,En Route To Pickup,"31,919",0
563780182,6/23/2019,1/31/2021,En Route To Pickup,"31,919",0
563780182,6/23/2019,2/28/2021,En Route To Pickup,"31,919",0
563780182,6/23/2019,3/31/2021,En Route To Pickup,"31,919",0
563780182,6/23/2019,4/30/2021,En Route To Pickup,"31,919",0
563780182,6/23/2019,5/31/2021,En Route To Pickup,"31,919",0
563780182,6/23/2019,6/30/2021,En Route To Pickup,"31,919",0
563780182,6/23/2019,7/31/2021,En Route To Pickup,"31,919",0
563780182,6/23/2019,8/31/2021,En Route To Pickup,"31,919",0
563780182,6/23/2019,9/30/2021,En Route To Pickup,"31,919",0
563780182,6/23/2019,10/31/2021,En Route To Pickup,"31,919",0
563780182,6/23/2019,11/30/2021,En Route To Pickup,"31,919",0
563780182,6/23/2019,12/31/2021,En Route To Pickup,"31,919",0
601374762,9/1/2018,9/30/2020,Off-line,0,"448,812"
601374762,9/1/2018,10/31/2020,Off-line,0,"457,788"
601374762,9/1/2018,11/30/2020,Off-line,0,"466,944"
601374762,9/1/2018,12/31/2020,Off-line,0,"476,283"
601374762,9/1/2018,1/31/2021,Off-line,0,"485,809"
601374762,9/1/2018,2/28/2021,Off-line,0,"495,525"
601374762,9/1/2018,3/31/2021,Off-line,0,"505,435"
601374762,9/1/2018,4/30/2021,Off-line,0,"515,544"
601374762,9/1/2018,5/31/2021,Off-line,0,"525,855"
601374762,9/1/2018,6/30/2021,Off-line,0,"536,372"
601374762,9/1/2018,7/31/2021,Off-line,0,"547,099"
601374762,9/1/2018,8/31/2021,Off-line,0,"558,041"
601374762,9/1/2018,9/30/2021,Off-line,0,"569,202"
601374762,9/1/2018,10/31/2021,Off-line,0,"580,586"
601374762,9/1/2018,11/30/2021,Off-line,0,"592,198"
601374762,9/1/2018,12/31/2021,Off-line,0,"604,042"
601374762,9/1/2018,1/31/2022,Off-line,0,"616,123"
601374762,9/1/2018,2/28/2022,Off-line,0,"628,445"
601374762,9/1/2018,3/31/2022,Off-line,0,"641,014"
601374762,9/1/2018,4/30/2022,Off-line,0,"653,834"
601374762,9/1/2018,5/31/2022,Off-line,0,"666,911"
601374762,9/1/2018,6/30/2022,Off-line,0,"680,249"
621703084,2/14/2020,2/29/2020,En Route To Pickup,0,"749,682"
621703084,2/14/2020,3/31/2020,En Route To Pickup,0,"771,842"
621703084,2/14/2020,4/30/2020,En Route To Pickup,"794,656",0
621703084,2/14/2020,5/31/2020,En Route To Pickup,"818,146",0
621703084,2/14/2020,6/30/2020,En Route To Pickup,"834,347",0
621703084,2/14/2020,7/31/2020,En Route To Pickup,"834,347",0
621703084,2/14/2020,8/31/2020,En Route To Pickup,"834,347",0
621703084,2/14/2020,9/30/2020,En Route To Pickup,"834,347",0
621703084,2/14/2020,10/31/2020,En Route To Pickup,"834,347",0
621703084,2/14/2020,11/30/2020,En Route To Pickup,"834,347",0
621703084,2/14/2020,12/31/2020,En Route To Pickup,"834,347",0
621703084,2/14/2020,1/31/2021,En Route To Pickup,"834,347",0
621703084,2/14/2020,2/28/2021,En Route To Pickup,"834,347",0
621703084,2/14/2020,3/31/2021,En Route To Pickup,"834,347",0
621703084,2/14/2020,4/30/2021,En Route To Pickup,"834,347",0
621703084,2/14/2020,5/31/2021,En Route To Pickup,"834,347",0
621703084,2/14/2020,6/30/2021,En Route To Pickup,"834,347",0
621703084,2/14/2020,7/31/2021,En Route To Pickup,"834,347",0
621703084,2/14/2020,8/31/2021,En Route To Pickup,"834,347",0
621703084,2/14/2020,9/30/2021,En Route To Pickup,"834,347",0
621703084,2/14/2020,10/31/2021,En Route To Pickup,"834,347",0
621703084,2/14/2020,11/30/2021,En Route To Pickup,"834,347",0
621703084,2/14/2020,12/31/2021,En Route To Pickup,"834,347",0
645710662,6/22/2020,6/30/2020,En Route To Pickup,0,"532,253"
645710662,6/22/2020,7/31/2020,En Route To Pickup,"532,253",0
645710662,6/22/2020,8/31/2020,En Route To Pickup,"553,128",0
645710662,6/22/2020,9/30/2020,En Route To Pickup,"569,478",0
645710662,6/22/2020,10/31/2020,En Route To Pickup,"591,813",0
645710662,6/22/2020,11/30/2020,En Route To Pickup,"609,307",0
645710662,6/22/2020,12/31/2020,En Route To Pickup,"621,373",0
645710662,6/22/2020,1/31/2021,En Route To Pickup,"633,677",0
645710662,6/22/2020,2/28/2021,En Route To Pickup,"639,983",0
645710662,6/22/2020,3/31/2021,En Route To Pickup,"646,351",0
645710662,6/22/2020,4/30/2021,En Route To Pickup,"671,701",0
645710662,6/22/2020,5/31/2021,En Route To Pickup,"698,046",0
645710662,6/22/2020,6/30/2021,En Route To Pickup,"711,869",0
645710662,6/22/2020,7/31/2021,En Route To Pickup,"711,869",0
645710662,6/22/2020,8/31/2021,En Route To Pickup,"711,869",0
645710662,6/22/2020,9/30/2021,En Route To Pickup,"711,869",0
645710662,6/22/2020,10/31/2021,En Route To Pickup,"711,869",0
645710662,6/22/2020,11/30/2021,En Route To Pickup,"711,869",0
645710662,6/22/2020,12/31/2021,En Route To Pickup,"711,869",0
658541263,11/30/2021,2/28/2022,Available,0,"785,864"
658541263,11/30/2021,3/31/2022,Available,0,"801,581"
658541263,11/30/2021,4/30/2022,Available,0,"817,613"
658541263,11/30/2021,5/31/2022,Available,0,"833,965"
658541263,11/30/2021,6/30/2022,Available,0,"850,644"
711646714,10/7/2020,10/31/2020,En Route To Pickup,0,"160,480"
711646714,10/7/2020,11/30/2020,En Route To Pickup,"163,658",0
711646714,10/7/2020,12/31/2020,En Route To Pickup,"168,496",0
711646714,10/7/2020,1/31/2021,En Route To Pickup,"168,496",0
711646714,10/7/2020,2/28/2021,En Route To Pickup,"168,496",0
711646714,10/7/2020,3/31/2021,En Route To Pickup,"168,496",0
711646714,10/7/2020,4/30/2021,En Route To Pickup,"168,496",0
711646714,10/7/2020,5/31/2021,En Route To Pickup,"168,496",0
711646714,10/7/2020,6/30/2021,En Route To Pickup,"168,496",0
711646714,10/7/2020,7/31/2021,En Route To Pickup,"168,496",0
711646714,10/7/2020,8/31/2021,En Route To Pickup,"168,496",0
711646714,10/7/2020,9/30/2021,En Route To Pickup,"168,496",0
711646714,10/7/2020,10/31/2021,En Route To Pickup,"168,496",0
711646714,10/7/2020,11/30/2021,En Route To Pickup,"168,496",0
711646714,10/7/2020,12/31/2021,En Route To Pickup,"168,496",0
756853518,11/12/2018,1/31/2020,En Route To Pickup,0,"11,270"
756853518,11/12/2018,2/29/2020,En Route To Pickup,"11,382",0
756853518,11/12/2018,3/31/2020,En Route To Pickup,"11,608",0
756853518,11/12/2018,4/30/2020,En Route To Pickup,"11,837",0
756853518,11/12/2018,5/31/2020,En Route To Pickup,"11,837",0
756853518,11/12/2018,6/30/2020,En Route To Pickup,"11,837",0
756853518,11/12/2018,7/31/2020,En Route To Pickup,"11,837",0
756853518,11/12/2018,8/31/2020,En Route To Pickup,"11,837",0
756853518,11/12/2018,9/30/2020,En Route To Pickup,"11,837",0
756853518,11/12/2018,10/31/2020,En Route To Pickup,"11,837",0
756853518,11/12/2018,11/30/2020,En Route To Pickup,"11,837",0
756853518,11/12/2018,12/31/2020,En Route To Pickup,"11,837",0
756853518,11/12/2018,1/31/2021,En Route To Pickup,"11,837",0
756853518,11/12/2018,2/28/2021,En Route To Pickup,"11,837",0
756853518,11/12/2018,3/31/2021,En Route To Pickup,"11,837",0
756853518,11/12/2018,4/30/2021,En Route To Pickup,"11,837",0
756853518,11/12/2018,5/31/2021,En Route To Pickup,"11,837",0
756853518,11/12/2018,6/30/2021,En Route To Pickup,"11,837",0
756853518,11/12/2018,7/31/2021,En Route To Pickup,"11,837",0
756853518,11/12/2018,8/31/2021,En Route To Pickup,"11,837",0
756853518,11/12/2018,9/30/2021,En Route To Pickup,"11,837",0
756853518,11/12/2018,10/31/2021,En Route To Pickup,"11,837",0
756853518,11/12/2018,11/30/2021,En Route To Pickup,"11,837",0
756853518,11/12/2018,12/31/2021,En Route To Pickup,"11,837",0
788201063,12/26/2020,12/31/2020,En Route To Pickup,0,"472,899"
788201063,12/26/2020,1/31/2021,En Route To Pickup,"482,264",0
788201063,12/26/2020,2/28/2021,En Route To Pickup,"491,814",0
788201063,12/26/2020,3/31/2021,En Route To Pickup,"511,103",0
788201063,12/26/2020,4/30/2021,En Route To Pickup,"511,103",0
788201063,12/26/2020,5/31/2021,En Route To Pickup,"511,103",0
788201063,12/26/2020,6/30/2021,En Route To Pickup,"511,103",0
788201063,12/26/2020,7/31/2021,En Route To Pickup,"511,103",0
788201063,12/26/2020,8/31/2021,En Route To Pickup,"511,103",0
788201063,12/26/2020,9/30/2021,En Route To Pickup,"511,103",0
788201063,12/26/2020,10/31/2021,En Route To Pickup,"511,103",0
788201063,12/26/2020,11/30/2021,En Route To Pickup,"511,103",0
788201063,12/26/2020,12/31/2021,En Route To Pickup,"511,103",0
813599524,10/29/2019,1/31/2020,En Route To Pickup,0,"663,239"
813599524,10/29/2019,2/29/2020,En Route To Pickup,"669,838",0
813599524,10/29/2019,3/31/2020,En Route To Pickup,"696,110",0
813599524,10/29/2019,4/30/2020,En Route To Pickup,"703,037",0
813599524,10/29/2019,5/31/2020,En Route To Pickup,"730,610",0
813599524,10/29/2019,6/30/2020,En Route To Pickup,"759,265",0
813599524,10/29/2019,7/31/2020,En Route To Pickup,"766,820",0
813599524,10/29/2019,8/31/2020,En Route To Pickup,"782,005",0
813599524,10/29/2019,9/30/2020,En Route To Pickup,"789,786",0
813599524,10/29/2019,10/31/2020,En Route To Pickup,"789,786",0
813599524,10/29/2019,11/30/2020,En Route To Pickup,"789,786",0
813599524,10/29/2019,12/31/2020,En Route To Pickup,"789,786",0
813599524,10/29/2019,1/31/2021,En Route To Pickup,"789,786",0
813599524,10/29/2019,2/28/2021,En Route To Pickup,"789,786",0
813599524,10/29/2019,3/31/2021,En Route To Pickup,"789,786",0
813599524,10/29/2019,4/30/2021,En Route To Pickup,"789,786",0
813599524,10/29/2019,5/31/2021,En Route To Pickup,"789,786",0
813599524,10/29/2019,6/30/2021,En Route To Pickup,"789,786",0
813599524,10/29/2019,7/31/2021,En Route To Pickup,"789,786",0
813599524,10/29/2019,8/31/2021,En Route To Pickup,"789,786",0
813599524,10/29/2019,9/30/2021,En Route To Pickup,"789,786",0
813599524,10/29/2019,10/31/2021,En Route To Pickup,"789,786",0
813599524,10/29/2019,11/30/2021,En Route To Pickup,"789,786",0
813599524,10/29/2019,12/31/2021,En Route To Pickup,"789,786",0
870982776,12/22/2020,12/31/2020,En Route To Pickup,"23,986",0
870982776,12/22/2020,1/31/2021,En Route To Pickup,"24,695",0
870982776,12/22/2020,2/28/2021,En Route To Pickup,"25,425",0
870982776,12/22/2020,3/31/2021,En Route To Pickup,"26,176",0
870982776,12/22/2020,4/30/2021,En Route To Pickup,"26,950",0
870982776,12/22/2020,5/31/2021,En Route To Pickup,"27,484",0
870982776,12/22/2020,6/30/2021,En Route To Pickup,"27,757",0
870982776,12/22/2020,7/31/2021,En Route To Pickup,"28,033",0
870982776,12/22/2020,8/31/2021,En Route To Pickup,"28,033",0
870982776,12/22/2020,9/30/2021,En Route To Pickup,"28,033",0
870982776,12/22/2020,10/31/2021,En Route To Pickup,"28,033",0
870982776,12/22/2020,11/30/2021,En Route To Pickup,"28,033",0
870982776,12/22/2020,12/31/2021,En Route To Pickup,"28,033",0
